<?xml version="1.0" encoding="UTF-8" ?>
<site>
	<settings>
		<setting>
			<id>blogname</id>
			<value><![CDATA[Jump Start Demo #10]]></value>
		</setting>
		<setting>
			<id>blogdescription</id>
			<value><![CDATA[Just another WordPress site]]></value>
		</setting>
		<setting>
			<id>posts_per_page</id>
			<value><![CDATA[10]]></value>
		</setting>
		<setting>
			<id>show_on_front</id>
			<value><![CDATA[page]]></value>
		</setting>
		<setting>
			<id>page_on_front</id>
			<value><![CDATA[home]]></value>
		</setting>
		<setting>
			<id>page_for_posts</id>
			<value><![CDATA[]]></value>
		</setting>
		<setting>
			<id>thumbnail_size_w</id>
			<value><![CDATA[150]]></value>
		</setting>
		<setting>
			<id>thumbnail_size_h</id>
			<value><![CDATA[150]]></value>
		</setting>
		<setting>
			<id>thumbnail_crop</id>
			<value><![CDATA[1]]></value>
		</setting>
		<setting>
			<id>medium_size_w</id>
			<value><![CDATA[300]]></value>
		</setting>
		<setting>
			<id>medium_size_h</id>
			<value><![CDATA[300]]></value>
		</setting>
		<setting>
			<id>large_size_w</id>
			<value><![CDATA[1024]]></value>
		</setting>
		<setting>
			<id>large_size_h</id>
			<value><![CDATA[1024]]></value>
		</setting>
		<setting>
			<id>jumpstart_base</id>
			<value><![CDATA[entrepreneur]]></value>
		</setting>
	</settings>
	<thememods>
		<thememod>
			<id>background_color</id>
			<value><![CDATA[]]></value>
		</thememod>
		<thememod>
			<id>background_image</id>
			<value><![CDATA[]]></value>
		</thememod>
		<thememod>
			<id>background_image_thumb</id>
			<value><![CDATA[]]></value>
		</thememod>
		<thememod>
			<id>background_repeat</id>
			<value><![CDATA[]]></value>
		</thememod>
		<thememod>
			<id>background_position_x</id>
			<value><![CDATA[]]></value>
		</thememod>
		<thememod>
			<id>background_attachment</id>
			<value><![CDATA[]]></value>
		</thememod>
	</thememods>
	<menus>
		<menu>
			<location>footer</location>
			<assignment><![CDATA[sub-menu]]></assignment>
		</menu>
		<menu>
			<location>side_sub</location>
			<assignment><![CDATA[]]></assignment>
		</menu>
		<menu>
			<location>side</location>
			<assignment><![CDATA[]]></assignment>
		</menu>
		<menu>
			<location>primary</location>
			<assignment><![CDATA[main-menu]]></assignment>
		</menu>
	</menus>
</site>